装配顺序,品牌,配置,动力,驱动,颜色,喷涂线
1,A1,B3,汽油,两驱,蓝,C1
2,A1,B5,汽油,两驱,白,C2
3,A1,B2,汽油,两驱,白,C2
4,A1,B2,汽油,两驱,白,C2
5,A1,B2,汽油,两驱,白,C2
6,A1,B2,汽油,两驱,白,C2
7,A1,B2,汽油,两驱,白,C2
8,A1,B2,汽油,两驱,白,C2
9,A1,B2,汽油,两驱,白,C2
10,A1,B2,汽油,两驱,白,C2
11,A1,B2,汽油,两驱,白,C2
12,A1,B2,汽油,两驱,白,C2
13,A1,B2,汽油,两驱,白,C2
14,A1,B2,汽油,两驱,白,C2
15,A1,B2,汽油,两驱,白,C2
16,A1,B2,汽油,两驱,白,C2
17,A1,B1,汽油,两驱,白,C2
18,A1,B1,汽油,两驱,白,C2
19,A1,B1,汽油,两驱,白,C2
20,A1,B1,汽油,两驱,白,C2
21,A1,B1,汽油,两驱,白,C2
22,A1,B1,汽油,两驱,白,C2
23,A1,B1,汽油,两驱,白,C2
24,A1,B1,汽油,两驱,白,C2
25,A1,B1,汽油,两驱,白,C2
26,A1,B1,汽油,两驱,白,C2
27,A1,B1,汽油,两驱,白,C2
28,A1,B1,汽油,两驱,白,C2
29,A1,B1,汽油,两驱,白,C2
30,A1,B1,汽油,两驱,白,C2
31,A1,B1,汽油,两驱,白,C2
32,A1,B1,汽油,两驱,白,C2
33,A1,B1,汽油,两驱,白,C2
34,A1,B1,汽油,两驱,白,C2
35,A1,B1,汽油,两驱,白,C2
36,A1,B1,汽油,两驱,白,C2
37,A1,B1,汽油,两驱,白,C2
38,A1,B1,汽油,两驱,白,C2
39,A1,B1,汽油,两驱,白,C2
40,A1,B1,汽油,两驱,白,C2
41,A1,B1,汽油,两驱,白,C2
42,A1,B1,汽油,两驱,白,C2
43,A1,B1,汽油,两驱,白,C2
44,A1,B1,汽油,两驱,白,C2
45,A1,B1,汽油,两驱,白,C2
46,A1,B1,汽油,两驱,白,C2
47,A1,B1,汽油,两驱,白,C2
48,A1,B1,汽油,两驱,白,C2
49,A1,B1,汽油,两驱,白,C2
50,A1,B1,汽油,两驱,白,C2
51,A1,B1,汽油,两驱,白,C2
52,A1,B1,汽油,两驱,白,C2
53,A1,B1,汽油,两驱,白,C2
54,A1,B1,汽油,两驱,白,C2
55,A1,B1,汽油,两驱,白,C2
56,A1,B1,汽油,两驱,白,C2
57,A1,B1,汽油,两驱,白,C2
58,A1,B1,汽油,两驱,白,C2
59,A1,B1,汽油,两驱,白,C2
60,A1,B1,汽油,两驱,白,C2
61,A1,B1,汽油,两驱,蓝,C1
62,A1,B1,汽油,两驱,白,C2
63,A1,B1,汽油,两驱,白,C2
64,A1,B1,汽油,两驱,白,C2
65,A1,B1,汽油,两驱,白,C2
66,A1,B1,汽油,两驱,白,C2
67,A1,B1,汽油,两驱,白,C2
68,A1,B1,汽油,两驱,白,C2
69,A1,B1,汽油,两驱,白,C2
70,A1,B1,汽油,两驱,白,C2
71,A1,B1,汽油,两驱,白,C2
72,A1,B1,汽油,两驱,白,C2
73,A1,B1,汽油,两驱,白,C2
74,A1,B1,汽油,两驱,白,C2
75,A1,B1,汽油,两驱,蓝,C1
76,A1,B1,汽油,四驱,黑,C1
77,A1,B1,汽油,四驱,黑,C1
78,A1,B1,汽油,两驱,黑,C1
79,A1,B1,汽油,两驱,黑,C1
80,A1,B1,汽油,两驱,黑,C1
81,A1,B1,汽油,两驱,黑,C1
82,A1,B1,汽油,两驱,黑,C1
83,A1,B1,汽油,两驱,黑,C1
84,A1,B1,汽油,两驱,黑,C1
85,A1,B1,汽油,两驱,黑,C1
86,A1,B1,汽油,两驱,黑,C1
87,A1,B1,汽油,两驱,黑,C1
88,A1,B1,汽油,四驱,黑,C1
89,A1,B1,汽油,四驱,黑,C1
90,A1,B1,汽油,两驱,黑,C1
91,A1,B1,汽油,两驱,黑,C1
92,A1,B1,汽油,两驱,黑,C1
93,A1,B1,汽油,两驱,黑,C1
94,A1,B1,汽油,两驱,黑,C1
95,A1,B1,汽油,两驱,黑,C1
96,A1,B1,汽油,两驱,黑,C1
97,A1,B1,汽油,两驱,黑,C1
98,A1,B1,汽油,两驱,黑,C1
99,A1,B1,汽油,两驱,黑,C1
100,A1,B1,汽油,两驱,黑,C1
101,A1,B1,汽油,两驱,黑,C1
102,A1,B1,汽油,两驱,黑,C1
103,A1,B1,汽油,两驱,黑,C1
104,A1,B1,汽油,两驱,黑,C1
105,A1,B1,汽油,两驱,黑,C1
106,A1,B1,汽油,两驱,黑,C1
107,A1,B1,汽油,两驱,黑,C1
108,A1,B1,汽油,两驱,黑,C1
109,A1,B1,汽油,两驱,黑,C1
110,A1,B1,汽油,两驱,黑,C1
111,A1,B1,汽油,两驱,黑,C1
112,A1,B1,汽油,两驱,黑,C1
113,A1,B1,汽油,两驱,黑,C1
114,A1,B1,汽油,两驱,黑,C1
115,A1,B1,汽油,两驱,黑,C1
116,A1,B1,汽油,两驱,黑,C1
117,A1,B1,汽油,两驱,黑,C1
118,A1,B1,汽油,两驱,黑,C1
119,A1,B1,汽油,两驱,黑,C1
120,A1,B1,汽油,两驱,黑,C1
121,A1,B1,汽油,两驱,黑,C1
122,A1,B1,汽油,两驱,黑,C1
123,A1,B1,汽油,两驱,黑,C1
124,A1,B1,汽油,两驱,黑,C1
125,A1,B1,汽油,两驱,黑,C1
126,A1,B5,汽油,四驱,黑,C1
127,A1,B2,汽油,四驱,黑,C1
128,A1,B2,汽油,两驱,黑,C1
129,A1,B2,汽油,两驱,黑,C1
130,A1,B2,汽油,两驱,黑,C1
131,A1,B2,汽油,两驱,黑,C1
132,A1,B2,汽油,两驱,黑,C1
133,A1,B2,汽油,两驱,黑,C1
134,A1,B2,汽油,两驱,黑,C1
135,A1,B2,汽油,两驱,黑,C1
136,A1,B2,汽油,两驱,黑,C1
137,A1,B2,汽油,两驱,黑,C1
138,A1,B2,汽油,两驱,黑,C1
139,A1,B2,汽油,两驱,黑,C1
140,A1,B2,汽油,两驱,黑,C1
141,A1,B2,汽油,两驱,黑,C1
142,A1,B2,汽油,两驱,黑,C1
143,A1,B2,汽油,两驱,黑,C1
144,A1,B2,汽油,两驱,黑,C1
145,A1,B2,汽油,两驱,黑,C1
146,A1,B2,汽油,两驱,灰,C2
147,A1,B3,汽油,两驱,灰,C2
148,A1,B3,汽油,两驱,灰,C2
149,A1,B1,汽油,两驱,灰,C2
150,A1,B1,汽油,两驱,红,C1
151,A1,B1,汽油,两驱,灰,C2
152,A1,B1,汽油,两驱,黄,C1
153,A1,B1,汽油,四驱,银,C2
154,A1,B1,汽油,两驱,红,C1
155,A1,B1,汽油,两驱,灰,C2
156,A1,B1,汽油,两驱,黄,C1
157,A1,B1,汽油,两驱,银,C2
158,A1,B2,汽油,两驱,红,C1
159,A1,B1,汽油,两驱,灰,C2
160,A1,B3,汽油,两驱,黑,C2
161,A1,B3,汽油,两驱,黑,C2
162,A1,B3,汽油,两驱,黑,C2
163,A1,B2,汽油,两驱,黑,C2
164,A1,B2,汽油,两驱,黑,C2
165,A1,B2,汽油,两驱,黑,C2
166,A1,B2,汽油,两驱,黑,C2
167,A1,B2,汽油,两驱,黑,C2
168,A1,B2,汽油,两驱,黑,C2
169,A1,B2,汽油,两驱,黑,C2
170,A1,B2,汽油,两驱,黑,C2
171,A1,B2,汽油,两驱,黑,C2
172,A1,B2,汽油,两驱,黑,C2
173,A1,B2,汽油,两驱,黑,C2
174,A1,B2,汽油,两驱,黑,C2
175,A1,B2,汽油,两驱,黑,C2
176,A1,B2,汽油,两驱,黑,C2
177,A1,B2,汽油,两驱,黑,C2
178,A1,B2,汽油,两驱,黑,C2
179,A1,B2,汽油,两驱,黑,C2
180,A1,B2,汽油,两驱,黑,C2
181,A1,B2,汽油,两驱,黑,C2
182,A2,B1,柴油,两驱,黑,C2
183,A2,B1,汽油,四驱,黑,C2
184,A2,B1,汽油,两驱,黑,C2
185,A2,B1,汽油,两驱,黑,C2
186,A2,B1,汽油,两驱,黑,C2
187,A2,B1,汽油,两驱,黑,C2
188,A2,B1,汽油,两驱,黑,C2
189,A2,B1,汽油,两驱,黑,C2
190,A2,B1,汽油,两驱,黑,C2
191,A2,B1,汽油,两驱,黑,C2
192,A2,B1,汽油,两驱,黑,C2
193,A2,B1,汽油,两驱,黑,C2
194,A2,B1,汽油,两驱,黑,C2
195,A2,B1,汽油,两驱,黑,C2
196,A2,B1,汽油,两驱,黑,C2
197,A2,B1,汽油,两驱,黑,C2
198,A2,B1,汽油,两驱,黑,C2
199,A2,B1,汽油,两驱,黑,C2
200,A2,B1,汽油,两驱,黑,C2
201,A2,B1,汽油,两驱,黑,C2
202,A2,B6,汽油,两驱,黑,C2
203,A2,B6,汽油,两驱,黑,C2
204,A2,B4,汽油,两驱,黑,C2
205,A2,B4,汽油,两驱,黑,C2
206,A2,B4,汽油,两驱,黑,C2
207,A2,B4,汽油,两驱,黑,C2
208,A2,B4,汽油,两驱,黑,C2
209,A2,B4,汽油,两驱,黑,C2
210,A2,B4,汽油,两驱,黑,C2
211,A2,B4,汽油,两驱,黑,C2
212,A2,B4,汽油,两驱,黑,C2
213,A2,B4,汽油,两驱,白,C1
214,A2,B4,汽油,两驱,白,C1
215,A2,B1,柴油,两驱,白,C1
216,A2,B6,汽油,两驱,棕,C1
217,A2,B6,汽油,两驱,红,C1
218,A2,B4,汽油,两驱,棕,C1
219,A2,B6,汽油,两驱,白,C1
220,A2,B1,汽油,四驱,白,C1
221,A2,B1,汽油,四驱,白,C1
222,A2,B4,汽油,两驱,棕,C1
223,A2,B4,汽油,两驱,红,C1
224,A2,B4,汽油,两驱,银,C1
225,A2,B1,汽油,两驱,红,C1
226,A2,B1,汽油,两驱,金,C2
227,A2,B1,汽油,两驱,红,C1
228,A2,B4,汽油,两驱,棕,C2
229,A2,B1,汽油,四驱,白,C2
230,A2,B1,汽油,四驱,白,C2
231,A1,B1,汽油,两驱,蓝,C1
232,A1,B1,汽油,两驱,白,C2
233,A1,B1,汽油,两驱,白,C2
234,A1,B1,汽油,两驱,白,C2
235,A1,B1,汽油,两驱,白,C2
236,A1,B1,汽油,两驱,白,C2
237,A1,B1,汽油,两驱,白,C2
238,A1,B1,汽油,两驱,白,C2
239,A1,B1,汽油,两驱,白,C2
240,A1,B1,汽油,两驱,白,C2
241,A1,B1,汽油,两驱,白,C2
242,A1,B1,汽油,两驱,白,C2
243,A1,B1,汽油,两驱,白,C2
244,A1,B1,汽油,两驱,白,C2
245,A1,B1,汽油,两驱,白,C2
246,A1,B1,汽油,两驱,白,C2
247,A1,B1,汽油,两驱,白,C2
248,A1,B1,汽油,两驱,白,C2
249,A1,B1,汽油,两驱,白,C2
250,A1,B1,汽油,两驱,白,C2
251,A1,B1,汽油,两驱,白,C2
252,A1,B1,汽油,两驱,白,C2
253,A1,B1,汽油,两驱,白,C2
254,A1,B1,汽油,两驱,白,C2
255,A1,B1,汽油,两驱,白,C2
256,A1,B1,汽油,两驱,白,C2
257,A1,B1,汽油,两驱,白,C2
258,A1,B1,汽油,两驱,白,C2
259,A1,B1,汽油,两驱,白,C2
260,A1,B1,汽油,两驱,白,C2
261,A1,B1,汽油,两驱,白,C2
262,A1,B1,汽油,两驱,白,C2
263,A1,B1,汽油,两驱,白,C2
264,A1,B1,汽油,两驱,白,C2
265,A1,B1,汽油,两驱,白,C2
266,A1,B1,汽油,两驱,白,C2
267,A1,B1,汽油,两驱,白,C2
268,A1,B1,汽油,两驱,白,C2
269,A1,B1,汽油,两驱,白,C2
270,A1,B1,汽油,两驱,白,C2
271,A1,B1,汽油,两驱,白,C2
272,A1,B1,汽油,两驱,白,C2
273,A1,B1,汽油,两驱,白,C2
274,A1,B1,汽油,两驱,白,C2
275,A1,B1,汽油,两驱,白,C2
276,A1,B1,汽油,两驱,白,C2
277,A1,B1,汽油,两驱,白,C2
278,A1,B1,汽油,两驱,白,C2
279,A1,B1,汽油,两驱,白,C2
280,A1,B1,汽油,两驱,白,C2
281,A1,B1,汽油,两驱,白,C2
282,A1,B1,汽油,两驱,白,C2
283,A1,B1,汽油,两驱,白,C2
284,A1,B1,汽油,两驱,白,C2
285,A1,B1,汽油,两驱,白,C2
286,A1,B1,汽油,两驱,白,C2
287,A1,B1,汽油,两驱,白,C2
288,A1,B1,汽油,两驱,白,C2
289,A1,B2,汽油,两驱,白,C2
290,A1,B2,汽油,两驱,白,C2
291,A1,B2,汽油,两驱,白,C2
292,A1,B2,汽油,两驱,白,C2
293,A1,B2,汽油,两驱,白,C2
294,A1,B2,汽油,两驱,白,C2
295,A1,B2,汽油,两驱,白,C2
296,A1,B2,汽油,两驱,白,C2
297,A1,B2,汽油,两驱,白,C2
298,A1,B2,汽油,两驱,白,C2
299,A1,B2,汽油,两驱,白,C2
300,A1,B2,汽油,两驱,白,C2
301,A1,B2,汽油,两驱,白,C2
302,A1,B2,汽油,四驱,黑,C1
303,A1,B2,汽油,四驱,黑,C1
304,A1,B2,汽油,两驱,黑,C1
305,A1,B2,汽油,两驱,黑,C1
306,A1,B2,汽油,两驱,黑,C1
307,A1,B2,汽油,两驱,黑,C1
308,A1,B2,汽油,两驱,黑,C1
309,A1,B2,汽油,两驱,黑,C1
310,A1,B2,汽油,两驱,黑,C1
311,A1,B2,汽油,两驱,黑,C1
312,A1,B2,汽油,两驱,黑,C1
313,A1,B2,汽油,两驱,黑,C1
314,A1,B2,汽油,两驱,黑,C1
315,A1,B2,汽油,两驱,黑,C1
316,A1,B2,汽油,两驱,黑,C1
317,A1,B2,汽油,两驱,黑,C1
318,A1,B2,汽油,两驱,黑,C1
319,A1,B2,汽油,两驱,黑,C1
320,A1,B2,汽油,两驱,黑,C1
321,A1,B2,汽油,两驱,黑,C1
322,A1,B2,汽油,两驱,黑,C1
323,A1,B2,汽油,两驱,黑,C1
324,A1,B2,汽油,两驱,黑,C1
325,A1,B2,汽油,两驱,黑,C1
326,A1,B2,汽油,两驱,黑,C1
327,A1,B2,汽油,两驱,黑,C1
328,A1,B2,汽油,两驱,黑,C1
329,A1,B2,汽油,两驱,黑,C1
330,A1,B2,汽油,两驱,黑,C1
331,A1,B2,汽油,两驱,黑,C1
332,A1,B2,汽油,两驱,黑,C1
333,A1,B2,汽油,两驱,黑,C1
334,A1,B2,汽油,两驱,黑,C1
335,A1,B2,汽油,两驱,黑,C1
336,A1,B2,汽油,两驱,黑,C1
337,A1,B2,汽油,两驱,黑,C1
338,A1,B2,汽油,两驱,黑,C1
339,A1,B2,汽油,两驱,黑,C1
340,A1,B2,汽油,两驱,黑,C1
341,A1,B2,汽油,两驱,黑,C1
342,A1,B5,汽油,两驱,黑,C1
343,A1,B5,汽油,四驱,黑,C1
344,A1,B3,汽油,两驱,黑,C1
345,A1,B3,汽油,两驱,黑,C1
346,A1,B3,汽油,两驱,黑,C1
347,A1,B3,汽油,两驱,黑,C1
348,A1,B1,汽油,两驱,黑,C1
349,A1,B1,汽油,两驱,黑,C1
350,A1,B1,汽油,两驱,黑,C1
351,A1,B1,汽油,两驱,黑,C1
352,A1,B1,汽油,两驱,黑,C1
353,A1,B1,汽油,两驱,黑,C1
354,A1,B1,汽油,四驱,黑,C1
355,A1,B1,汽油,四驱,黑,C1
356,A1,B1,汽油,两驱,黑,C1
357,A1,B1,汽油,两驱,黑,C1
358,A1,B1,汽油,两驱,黑,C1
359,A1,B1,汽油,两驱,黑,C1
360,A1,B1,汽油,两驱,黑,C1
361,A1,B1,汽油,两驱,黑,C1
362,A1,B1,汽油,两驱,黑,C1
363,A1,B1,汽油,两驱,黑,C1
364,A1,B1,汽油,两驱,黑,C1
365,A1,B1,汽油,两驱,黑,C1
366,A1,B1,汽油,四驱,黑,C1
367,A1,B1,汽油,四驱,黑,C1
368,A1,B1,汽油,两驱,黑,C1
369,A1,B1,汽油,两驱,黑,C1
370,A1,B1,汽油,两驱,黑,C1
371,A1,B1,汽油,两驱,黑,C1
372,A1,B1,汽油,两驱,灰,C2
373,A1,B1,汽油,两驱,灰,C2
374,A1,B1,汽油,两驱,黄,C1
375,A1,B1,汽油,两驱,银,C2
376,A1,B3,汽油,两驱,银,C2
377,A1,B1,汽油,两驱,黄,C1
378,A1,B1,汽油,两驱,灰,C2
379,A1,B5,汽油,四驱,灰,C2
380,A1,B1,汽油,两驱,红,C1
381,A1,B3,汽油,两驱,灰,C2
382,A1,B2,汽油,两驱,黄,C1
383,A1,B3,汽油,四驱,银,C2
384,A1,B1,汽油,四驱,银,C2
385,A1,B1,汽油,两驱,黑,C2
386,A1,B1,汽油,两驱,黑,C2
387,A1,B1,汽油,两驱,黑,C2
388,A1,B1,汽油,两驱,黑,C2
389,A1,B1,汽油,两驱,黑,C2
390,A1,B1,汽油,两驱,黑,C2
391,A1,B1,汽油,两驱,黑,C2
392,A1,B1,汽油,两驱,黑,C2
393,A1,B1,汽油,两驱,黑,C2
394,A1,B1,汽油,两驱,黑,C2
395,A1,B1,汽油,四驱,黑,C2
396,A1,B1,汽油,两驱,黑,C2
397,A1,B1,汽油,两驱,黑,C2
398,A1,B1,汽油,两驱,黑,C2
399,A1,B1,汽油,两驱,黑,C2
400,A1,B1,汽油,两驱,黑,C2
401,A1,B1,汽油,两驱,黑,C2
402,A1,B1,汽油,两驱,黑,C2
403,A1,B1,汽油,两驱,黑,C2
404,A1,B1,汽油,两驱,黑,C2
405,A1,B1,汽油,两驱,黑,C2
406,A1,B1,汽油,两驱,黑,C2
407,A1,B1,汽油,两驱,黑,C2
408,A1,B1,汽油,两驱,黑,C2
409,A1,B1,汽油,两驱,黑,C2
410,A1,B1,汽油,两驱,黑,C2
411,A1,B1,汽油,两驱,黑,C2
412,A2,B5,汽油,两驱,黑,C2
413,A2,B5,汽油,四驱,黑,C2
414,A2,B1,汽油,四驱,黑,C2
415,A2,B1,柴油,两驱,黑,C2
416,A2,B1,柴油,两驱,黑,C2
417,A2,B1,汽油,两驱,黑,C2
418,A2,B1,汽油,两驱,黑,C2
419,A2,B1,汽油,两驱,黑,C2
420,A2,B1,汽油,两驱,黑,C2
421,A2,B1,汽油,两驱,黑,C2
422,A2,B1,汽油,两驱,黑,C2
423,A2,B1,汽油,两驱,黑,C2
424,A2,B1,汽油,两驱,黑,C2
425,A2,B1,汽油,两驱,黑,C2
426,A2,B1,汽油,两驱,黑,C2
427,A2,B1,汽油,两驱,黑,C2
428,A2,B1,汽油,两驱,黑,C2
429,A2,B1,汽油,两驱,黑,C2
430,A2,B1,汽油,两驱,黑,C2
431,A2,B1,汽油,两驱,黑,C2
432,A2,B1,汽油,两驱,黑,C2
433,A2,B1,汽油,两驱,黑,C2
434,A2,B1,汽油,两驱,黑,C2
435,A2,B6,汽油,两驱,黑,C2
436,A2,B6,汽油,两驱,黑,C2
437,A2,B4,汽油,两驱,黑,C2
438,A2,B4,汽油,两驱,黑,C2
439,A2,B4,汽油,两驱,黑,C2
440,A2,B4,汽油,两驱,黑,C2
441,A2,B4,汽油,两驱,黑,C2
442,A2,B4,汽油,两驱,黑,C2
443,A2,B4,汽油,两驱,黑,C2
444,A2,B4,汽油,两驱,黑,C2
445,A2,B4,汽油,两驱,黑,C2
446,A2,B4,汽油,两驱,白,C1
447,A2,B1,汽油,四驱,白,C1
448,A2,B1,汽油,四驱,白,C1
449,A2,B1,汽油,两驱,蓝,C1
450,A2,B1,汽油,四驱,白,C1
451,A2,B4,汽油,两驱,棕,C1
452,A2,B4,汽油,两驱,红,C1
453,A2,B4,汽油,两驱,银,C1
454,A2,B4,汽油,两驱,金,C2
455,A2,B4,汽油,两驱,棕,C1
456,A2,B1,汽油,两驱,红,C1
457,A2,B1,汽油,两驱,金,C2
458,A2,B1,汽油,四驱,银,C1
459,A2,B1,汽油,四驱,白,C1
460,A2,B4,汽油,两驱,蓝,C1
